{
  "credit": "Made with Blockbench",
  "elements": [
    {
      "from": [
        0,
        0,
        0
      ],
      "to": [
        16,
        4,
        16
      ],
      "faces": {
        "north": {
          "uv": [
            0,
            12,
            16,
            16
          ],
          "texture": "#4"
        },
        "east": {
          "uv": [
            0,
            12,
            16,
            16
          ],
          "texture": "#4"
        },
        "south": {
          "uv": [
            0,
            12,
            16,
            16
          ],
          "texture": "#4"
        },
        "west": {
          "uv": [
            0,
            12,
            16,
            16
          ],
          "texture": "#4"
        },
        "up": {
          "uv": [
            0,
            0,
            16,
            16
          ],
          "texture": "#5"
        },
        "down": {
          "uv": [
            0,
            0,
            16,
            16
          ],
          "texture": "#3"
        }
      }
    }
  ],
  "display": {
    "thirdperson_righthand": {
      "rotation": [
        90,
        0,
        0
      ],
      "translation": [
        0,
        0,
        2.25
      ],
      "scale": [
        0.3,
        0.3,
        0.3
      ]
    },
    "thirdperson_lefthand": {
      "rotation": [
        90,
        0,
        0
      ],
      "translation": [
        0,
        0,
        2.25
      ],
      "scale": [
        0.3,
        0.3,
        0.3
      ]
    },
    "ground": {
      "scale": [
        0.3,
        0.3,
        0.3
      ]
    },
    "gui": {
      "rotation": [
        30,
        45,
        0
      ],
      "scale": [
        0.6,
        0.6,
        0.6
      ]
    },
    "head": {
      "translation": [
        0,
        12,
        0
      ]
    },
    "fixed": {
      "rotation": [
        -90,
        0,
        0
      ],
      "translation": [
        0,
        0,
        -8
      ]
    }
  }
}