{
  "credit": "Made with Blockbench",
  "texture_size": [
    32,
    32
  ],
  "elements": [
    {
      "from": [
        0,
        0,
        0
      ],
      "to": [
        16,
        1,
        16
      ],
      "faces": {
        "north": {
          "uv": [
            8,
            8,
            16,
            8.5
          ],
          "texture": "#0"
        },
        "east": {
          "uv": [
            8,
            0,
            16,
            0.5
          ],
          "texture": "#0"
        },
        "south": {
          "uv": [
            8,
            0.5,
            16,
            1
          ],
          "texture": "#0"
        },
        "west": {
          "uv": [
            8,
            1,
            16,
            1.5
          ],
          "texture": "#0"
        },
        "up": {
          "uv": [
            8,
            8,
            0,
            0
          ],
          "texture": "#0"
        },
        "down": {
          "uv": [
            8,
            8,
            0,
            16
          ],
          "texture": "#0"
        }
      }
    }
  ],
  "display": {
    "thirdperson_righthand": {
      "translation": [
        0,
        3,
        0
      ],
      "scale": [
        0.39,
        0.39,
        0.39
      ]
    },
    "thirdperson_lefthand": {
      "translation": [
        0,
        3,
        0
      ],
      "scale": [
        0.39,
        0.39,
        0.39
      ]
    },
    "firstperson_righthand": {
      "translation": [
        0,
        4.75,
        0
      ]
    },
    "firstperson_lefthand": {
      "translation": [
        0,
        4.75,
        0
      ]
    },
    "ground": {
      "translation": [
        0,
        4.5,
        0
      ]
    },
    "gui": {
      "rotation": [
        18,
        -45,
        -1
      ],
      "translation": [
        0,
        0.75,
        0
      ],
      "scale": [
        0.65,
        0.65,
        0.65
      ]
    },
    "head": {
      "translation": [
        0,
        14.25,
        0
      ]
    },
    "fixed": {
      "rotation": [
        -85,
        -47,
        0
      ],
      "translation": [
        0,
        0.25,
        -6.25
      ],
      "scale": [
        0.7,
        0.7,
        0.7
      ]
    }
  }
}