{
  "type": "minecraft:crafting_shaped",
  "pattern": [
    "###",
    "RAR",
    "ibi"
  ],
  "key": {
    "#": {
      "item": "refinedforage:solarquantum_cell"
    },
    "R": {
      "item": "minecraft:redstone"
    },
    "A": {
      "item": "refinedforage:solarultimate"
    },
    "i": {
      "item": "refinedforage:iron_plate"
    },
    "b": {
      "item": "refinedforage:advanced_electricalcircuit"
    }
  },
  "result": {
    "item": "refinedforage:solarquantum",
    "count": 1
  }
}