{
  "type": "minecraft:crafting_shaped",
  "pattern": [
    "###",
    "CLC",
    "gQg"
  ],
  "key": {
    "#": {
      "item": "refinedforage:solaradvanced_cell"
    },
    "C": {
      "item": "minecraft:cyan_dye"
    },
    "L": {
      "item": "minecraft:lapis_lazuli"
    },
    "g": {
      "item": "minecraft:gold_ingot"
    },
    "Q": {
      "item": "minecraft:quartz"
    }
  },
  "result": {
    "item": "refinedforage:solarultimate_cell",
    "count": 2
  }
}