{
	"name": "RefinedForage",
	"landing_text": "An auxiliary book for the RefinedForage mod that describes all the items and their characteristics, this is a book designed to help players understand the basics of my mod",
	"book_texture": "patchouli:textures/gui/book_red.png",
	"creative_tab": "refinedforagetab",
	"dont_generate_book": true,
	"use_blocky_font": true,
	"model": "refinedforage:guide_book",
	"macros": {
		"$(pot)": "$(#419600)",
		"$(thing)": "$(#ff6600)",
		"$(item)": "$(#ad09e2)"
	},
	"version": 1
}