
{
  "type": "minecraft:block",
  "pools": [
    {
      "name": "incinerator_generator",
      "rolls": 1,
      "entries": [
        {
          "type": "minecraft:item",
          "functions": [
            {
              "function": "minecraft:copy_name",
              "source": "block_entity"
            },
            {
              "function": "minecraft:copy_nbt",
              "source": "block_entity",
              "ops": [
                {
                  "source": "energy",
                  "target": "BlockEntityTag.energy",
                  "op": "replace"
                },
                {
                  "source": "inv",
                  "target": "BlockEntityTag.inv",
                  "op": "replace"
                }
              ]
            }
          ],
          "name": "refinedforage:peltier_generator"
        }
      ]
    }
  ]
}