{
  "variants": {
    "lit=false,facing=north": {
      "model": "refinedforage:block/incinerator_generator"
    },
    "lit=false,facing=east": {
      "model": "refinedforage:block/incinerator_generator",
      "y": 90
    },
    "lit=false,facing=south": {
      "model": "refinedforage:block/incinerator_generator",
      "y": 180
    },
    "lit=false,facing=west": {
      "model": "refinedforage:block/incinerator_generator",
      "y": 270
    },
    "lit=true,facing=north": {
      "model": "refinedforage:block/incinerator_generator_on"
    },
    "lit=true,facing=east": {
      "model": "refinedforage:block/incinerator_generator_on",
      "y": 90
    },
    "lit=true,facing=south": {
      "model": "refinedforage:block/incinerator_generator_on",
      "y": 180
    },
    "lit=true,facing=west": {
      "model": "refinedforage:block/incinerator_generator_on",
      "y": 270
    }
  }
}